{
  "id": "wise-gaming-promoter-pack-242",
  "title": "Wise Gaming Promoter Pack: 24.2",
  "version": "24.2.1.1",
  "compatibility": {
    "minimum": "11.315",
    "verified": "11.315"
  },
  "relationships": {
    "requires": [
      {
        "id": "pf2e-beginner-box",
        "type": "module",
        "compatibility": {}
      },
      {
        "id": "levels",
        "type": "module",
        "compatibility": {}
      },
      {
        "id": "wall-height",
        "type": "module",
        "compatibility": {}
      },
      {
        "id": "JB2A_DnD5e",
        "type": "module",
        "compatibility": {}
      },
      {
        "id": "token-attacher",
        "type": "module",
        "compatibility": {}
      },
      {
        "id": "tagger",
        "type": "module",
        "compatibility": {}
      },
      {
        "id": "lib-wrapper",
        "type": "module",
        "compatibility": {}
      },
      {
        "id": "scene-packer",
        "type": "module",
        "compatibility": {}
      },
      {
        "id": "monks-active-tiles",
        "type": "module",
        "compatibility": {}
      }
    ],
    "systems": [
      {
        "id": "pf2e",
        "type": "system",
        "compatibility": {}
      }
    ],
    "recommends": [
      {
        "id": "pf2e-abomination-vaults",
        "type": "module",
        "compatibility": {}
      },
      {
        "id": "baileywiki-nuts-and-bolts",
        "type": "module",
        "compatibility": {}
      },
      {
        "id": "michaelghelfi",
        "type": "module",
        "compatibility": {}
      },
      {
        "id": "tile-sort",
        "type": "module",
        "compatibility": {}
      },
      {
        "id": "pf2e-troubles-in-otari-enhanced-beach-camp-by-wise",
        "type": "module",
        "compatibility": {}
      }
    ]
  },
  "description": "Free Pack.\nMenace Under Otari Enhanced Map. This enhanced map supports the Beginner Box campaign and includes full maps, prefabs, lights, sfx, walls/doors, levels, automated hazards and much more. Emjoy!\n\nuses trademarks and/or copyrights owned by Paizo Inc., used under Paizo's Community Use Policy (paizo.com/communityuse). We are expressly prohibited from charging you to use or access this content. [This website, product name, Twitch show title, etc.] is not published, endorsed, or specifically approved by Paizo. For more information about Paizo Inc. and Paizo products, visit paizo.com.",
  "authors": [
    {
      "name": "Author 1",
      "email": "wise.gaming.insight@gmail.com",
      "url": "https://ko-fi.com/wisewhun",
      "discord": "Wise5638"
    }
  ],
  "url": "https://ko-fi.com/wisewhun",
  "manifest": "https://github.com/Wisewhun/Wise-Promoter-Pack-24.2-for-PF2E/blob/main/module.json",
  "download": "https://github.com/Wisewhun/Wise-Promoter-Pack-24.2-for-PF2E/blob/main/wise-gaming-promoter-pack-2421.zip",
  "packs": [
    {
      "name": "2421-pack",
      "label": "Wise Promoter Pack 24.2.1",
      "path": "packs/2421-pack",
      "type": "Adventure",
      "system": "pf2e",
      "ownership": {
        "PLAYER": "OBSERVER",
        "ASSISTANT": "OWNER"
      }
    }
  ]
}