{
  "id": "wise-gaming-promoter-pack-242",
  "title": "Wise Gaming Promoter Pack: 24.2",
  "version": "24.2.2.2",
  "compatibility": {
    "minimum": "11.315",
    "verified": "12.328"
  },
  "relationships": {
    "requires": [
      {
        "id": "levels",
        "type": "module",
        "compatibility": {}
      },
      {
        "id": "JB2A_DnD5e",
        "type": "module",
        "compatibility": {}
      },
      {
        "id": "token-attacher",
        "type": "module",
        "compatibility": {}
      },
      {
        "id": "lib-wrapper",
        "type": "module",
        "compatibility": {}
      },
      {
        "id": "scene-packer",
        "type": "module",
        "compatibility": {}
      },
      {
        "id": "monks-active-tiles",
        "type": "module",
        "compatibility": {}
      },
      {
        "id": "monks-tokenbar",
        "type": "module"
      }
    ],
    "systems": [
      {
        "id": "pf2e",
        "type": "system",
        "compatibility": {}
      }
    ],
    "recommends": [
      {
        "id": "wall-height",
        "type": "module",
        "compatibility": {}
      },
      {
        "id": "tagger",
        "type": "module",
        "compatibility": {}
      },
      {
        "id": "pf2e-beginner-box",
        "type": "module",
        "compatibility": {}
      },
      {
        "id": "pf2e-abomination-vaults",
        "type": "module",
        "compatibility": {}
      },
      {
        "id": "michaelghelfi",
        "type": "module",
        "compatibility": {}
      },
      {
        "id": "pf2e-troubles-in-otari-enhanced-beach-camp-by-wise",
        "type": "module",
        "compatibility": {}
      }
    ]
  },
  "description": "Free Map &amp; Tools Pack. \n\nDescription\nGeneral Information: Promoter Packs are 100% Free and will usually include flat WEBP or PNG Maps, Basic Tools and Tips. Sometimes, they may include enhanced samples of what can be purchased in Premium Packs.\n\n24.2.1 Specific Details: This product is a module for PF2E RPG on Foundry Virtual Table Top. The Module contrains Enhanced Maps with vertical movement, PreFabs, Actors, Items, Macros, Lights, Walls, SFx, and Journals. It is a remake of Paizo's Beginner Box Menace Under Otari.\n\n\"This product uses trademarks and/or copyrights owned by Paizo Inc., used under Paizo's Community Use Policy (paizo.com/communityuse). I am expressly prohibited from charging you to use or access this content. This product is not published, endorsed, or specifically approved by Paizo. For more information about Paizo Inc. and Paizo products, visit paizo.com.",
  "authors": [
    {
      "name": "Author 1",
      "email": "wise.gaming.insight@gmail.com",
      "url": "https://ko-fi.com/wisewhun",
      "discord": "Wise5638"
    }
  ],
  "url": "https://ko-fi.com/wisewhun",
  "manifest": "https://github.com/Wisewhun/Wise-Promoter-Pack-24.2-for-PF2E/releases/download/24.2.2.2/module.json",
  "download": "https://github.com/Wisewhun/Wise-Promoter-Pack-24.2-for-PF2E/releases/download/24.2.2.2/wise-gaming-promoter-pack-24222.zip",
  "packs": [
    {
      "name": "2421-pack",
      "label": "Wise Promoter Pack 24.2.1",
      "path": "packs/2421-pack",
      "type": "Adventure",
      "system": "pf2e",
      "ownership": {
        "PLAYER": "OBSERVER",
        "ASSISTANT": "OWNER"
      }
    },
    {
      "name": "wise-promoter-pack-2422",
      "label": "Wise Promoter Pack 24.2.2",
      "path": "packs/wise-promoter-pack-2422",
      "type": "Scene",
      "system": "pf2e",
      "ownership": {
        "PLAYER": "OBSERVER",
        "ASSISTANT": "OWNER"
      }
    }
  ]
}